<?xml version="1.0" encoding="utf-8"?>
<!--/373599/1190145/2.50/3/3/MOSFET (N-Channel)/-->
<quadcept_library>
  <setting unit="mil" />
  <textstyle name="Default" height="47.244094488189" strokewidth="7.8740157480315" charwidth="47.244094488189" />
  <textstyle name="Dimension" height="19.6850393700787" strokewidth="0" charwidth="19.6850393700787" />
  <textstyle name="H127W0635TH00762" height="50" strokewidth="3" charwidth="25" />
  <textstyle name="H15W15TH02" height="59.0551181102362" strokewidth="7.8740157480315" charwidth="59.0551181102362" />
  <padstyle name="c279_h186" surface="False" plated="True" isvia="False" nopaste="True" nomask="True" complex="False" holesize="73.228346456692">
    <padshape layer="TOP" shape="round" width="109.84251968504" height="109.84251968504" />
    <padshape layer="TOP_SOLDER_MASK" shape="round" width="117.71653543307" height="117.71653543307" />
    <padshape layer="INNER" shape="round" width="109.84251968504" height="109.84251968504" />
    <padshape layer="BOTTOM" shape="round" width="109.84251968504" height="109.84251968504" />
    <padshape layer="BOTTOM_SOLDER_MASK" shape="round" width="117.71653543307" height="117.71653543307" />
  </padstyle>
  <padstyle name="s279_h186" surface="False" plated="True" isvia="False" nopaste="True" nomask="True" complex="False" holesize="73.228346456692">
    <padshape layer="TOP" shape="square" width="109.84251968504" height="109.84251968504" />
    <padshape layer="TOP_SOLDER_MASK" shape="square" width="117.71653543307" height="117.71653543307" />
    <padshape layer="INNER" shape="round" width="109.84251968504" height="109.84251968504" />
    <padshape layer="BOTTOM" shape="square" width="109.84251968504" height="109.84251968504" />
    <padshape layer="BOTTOM_SOLDER_MASK" shape="square" width="117.71653543307" height="117.71653543307" />
  </padstyle>
  <footprint name="TO546P531X1558X2499-3P" originx="0" originy="0" pickpointx="0" pickpointy="0">
    <pcbpin number="1" name="1" style="s279_h186" originx="0" originy="0" rotation="90" />
    <pcbpin number="2" name="2" style="c279_h186" originx="214.96062992126" originy="0" rotation="90" />
    <pcbpin number="3" name="3" style="c279_h186" originx="429.92125984251" originy="0" rotation="90" />
    <line layer="TOP_PLACE_BOUND" originx="-107.28346456693" originy="129.33070866142" endx="537.20472440944" endy="129.33070866142" width="1.9685039370079" />
    <line layer="TOP_PLACE_BOUND" originx="537.20472440944" originy="129.33070866142" endx="537.20472440944" endy="-99.409448818896" width="1.9685039370079" />
    <line layer="TOP_PLACE_BOUND" originx="537.20472440944" originy="-99.409448818896" endx="-107.28346456693" endy="-99.409448818896" width="1.9685039370079" />
    <line layer="TOP_PLACE_BOUND" originx="-107.28346456693" originy="-99.409448818896" endx="-107.28346456693" endy="129.33070866142" width="1.9685039370079" />
    <line layer="TOP_ASSEMBLY" originx="-97.440944881889" originy="119.48818897638" endx="527.3622047244" endy="119.48818897638" width="3.9370078740157" />
    <line layer="TOP_ASSEMBLY" originx="527.3622047244" originy="119.48818897638" endx="527.3622047244" endy="-89.566929133857" width="3.9370078740157" />
    <line layer="TOP_ASSEMBLY" originx="527.3622047244" originy="-89.566929133857" endx="-97.440944881889" endy="-89.566929133857" width="3.9370078740157" />
    <line layer="TOP_ASSEMBLY" originx="-97.440944881889" originy="-89.566929133857" endx="-97.440944881889" endy="119.48818897638" width="3.9370078740157" />
    <line layer="TOP_ASSEMBLY" originx="-97.440944881889" originy="12.007874015748" endx="10.03937007874" endy="119.48818897638" width="3.9370078740157" />
    <line layer="TOP_SILKSCREEN" originx="527.3622047244" originy="-89.566929133857" endx="527.3622047244" endy="119.48818897638" width="7.8740157480314" />
    <line layer="TOP_SILKSCREEN" originx="527.3622047244" originy="119.48818897638" endx="-97.440944881889" endy="119.48818897638" width="7.8740157480314" />
    <line layer="TOP_SILKSCREEN" originx="-97.440944881889" originy="119.48818897638" endx="-97.440944881889" endy="0" width="7.8740157480314" />
  </footprint>
  <symbol name="AUIRFP4568" originx="0" originy="0">
    <line originx="300" originy="100" endx="300" endy="-100" width="0" />
    <line originx="300" originy="200" endx="300" endy="300" width="0" />
    <line originx="100" originy="0" endx="200" endy="0" width="0" />
    <line originx="200" originy="200" endx="200" endy="0" width="0" />
    <line originx="300" originy="100" endx="230" endy="100" width="0" />
    <line originx="300" originy="200" endx="230" endy="200" width="0" />
    <line originx="230" originy="0" endx="300" endy="0" width="0" />
    <line originx="230" originy="220" endx="230" endy="180" width="0" />
    <line originx="230" originy="-20" endx="230" endy="20" width="0" />
    <line originx="230" originy="80" endx="230" endy="120" width="0" />
    <arc originx="250" originy="100" startangle="180" sweepangle="180" radius="150" width="0" />
    <arc originx="250" originy="100" startangle="180" sweepangle="-180" radius="150" width="0" />
    <sympin number="1" originx="100" originy="0" rotation="180" length="100" width="7.8740157480315" flipped="False">
      <text name="pinname" originx="0" originy="-20" style="Default" rotation="0" justify="upperleft" flipped="False" hidden="True" data="G" />
      <text name="pindes" originx="80" originy="10" style="Default" rotation="0" justify="lowerright" flipped="False" hidden="False" data="1" />
    </sympin>
    <sympin number="2" originx="300" originy="300" rotation="90" length="100" width="7.8740157480315" flipped="False">
      <text name="pinname" originx="320" originy="400" style="Default" rotation="90" justify="upperleft" flipped="False" hidden="True" data="D" />
      <text name="pindes" originx="280" originy="400" style="Default" rotation="90" justify="upperright" flipped="False" hidden="False" data="2" />
    </sympin>
    <sympin number="3" originx="300" originy="-100" rotation="270" length="100" width="7.8740157480315" flipped="False">
      <text name="pinname" originx="320" originy="-200" style="Default" rotation="90" justify="lowerleft" flipped="False" hidden="True" data="S" />
      <text name="pindes" originx="280" originy="-200" style="Default" rotation="90" justify="lowerright" flipped="False" hidden="False" data="3" />
    </sympin>
    <polygon type="polygon">
      <point x="230" y="100" />
      <point x="270" y="120" />
      <point x="270" y="80" />
    </polygon>
  </symbol>
  <component name="AUIRFP4568" designatorprefix="Q" height="209.05511811023" footprint="TO546P531X1558X2499-3P">
    <comppin designator="1" sympin="1" pinswap="0" gateswap="0" gate="1" group="1" side="" type="Any" name="G" />
    <comppin designator="2" sympin="2" pinswap="0" gateswap="0" gate="1" group="1" side="" type="Any" name="D" />
    <comppin designator="3" sympin="3" pinswap="0" gateswap="0" gate="1" group="1" side="" type="Any" name="S" />
    <attached_symbol gate="1" name="AUIRFP4568" />
    <pinmap designator="1" footprintpin="1" />
    <pinmap designator="2" footprintpin="2" />
    <pinmap designator="3" footprintpin="3" />
    <text name="Datasheet" originx="0" originy="0" style="Default" rotation="0" justify="" flipped="False" hidden="True" data="https://www.infineon.com/dgdl/auirfp4568.pdf?fileId=5546d462533600a4015355b1d8751458" />
    <text name="Description" originx="0" originy="0" style="Default" rotation="0" justify="" flipped="False" hidden="True" data="MOSFET N-CHANNEL 100+" />
    <text name="Mouser Part Number" originx="0" originy="0" style="Default" rotation="0" justify="" flipped="False" hidden="True" data="942-AUIRFP4568" />
    <text name="Mouser Price/Stock" originx="0" originy="0" style="Default" rotation="0" justify="" flipped="False" hidden="True" data="https://www.mouser.co.uk/ProductDetail/Infineon-IR/AUIRFP4568?qs=m1T3c8F5IUIdoWYie9aRBg%3D%3D" />
    <text name="Manufacturer_Name" originx="0" originy="0" style="Default" rotation="0" justify="" flipped="False" hidden="True" data="Infineon" />
    <text name="Manufacturer_Part_Number" originx="450" originy="50" style="Default" rotation="0" justify="left" flipped="False" hidden="False" data="AUIRFP4568" />
  </component>
</quadcept_library>
